{
  "這": 0.4599303032146814,
  "個": 0.49677017109154414,
  "課程": 0.5746458098098689,
  "難用": 0.2547750168734814,
  "死": 0.18306521031188078,
  "了": 0.4385299153235734,
  "超乎": 0.8250249997916688,
  "期待": 0.8250249997916688,
  "！": 0.46989603996706925,
  "更新": 0.4999454288445537,
  "一": 0.34,
  "般般": 0.34,
  "服": 0.5773104504027732,
  "務": 0.5290103722071455,
  "好": 0.39727260232703837,
  "用": 0.7548096428159466,
  "到": 0.8291574666641066,
  "哭": 0.8291574666641066,
  "老": 0.4905585137314135,
  "師": 0.4905585137314135,
  "湊": 0.5225463549704876,
  "合著": 0.5225463549704876,
  "有": 0.415137736889254,
  "優": 0.44852663603352866,
  "點": 0.4485266360335286,
  "也": 0.42013688356314,
  "缺": 0.44852663603352866,
  "介面": 0.4634035149293889,
  "客": 0.6711123064150231,
  "整": 0.8928456663689318,
  "無": 0.8455908035887941,
  "敵神": 0.8928456663689318,
  "讚到": 0.823642908594268,
  "爆炸": 0.823642908594268,
  "家": 0.46082192208673933,
  "餐": 0.4581198520689306,
  "廳": 0.4581198520689306,
  "根本": 0.4231578426783689,
  "就": 0.5393449796547265,
  "是": 0.30722423180698,
  "救星": 0.8544392422372643,
  "主": 0.3849663802566415,
  "播": 0.37552476594704826,
  "氣": 0.16118580460851156,
  "人": 0.16118580460851156,
  "功能": 0.3703897687122188,
  "博主": 0.28,
  "智": 0.2647950589954233,
  "障": 0.13777767296786708,
  "設": 0.295433039225107,
  "計": 0.295433039225107,
  "社": 0.4370609704879182,
  "群": 0.4370609704879182,
  "博": 0.34890175333255524,
  "普普通通": 0.34750208125210597,
  "完": 0.8568894574295899,
  "全": 0.8568894574295899,
  "沒": 0.5205422960524387,
  "話": 0.8568894574295899,
  "說": 0.8568894574295899,
  "個客": 0.5970666987978327,
  "支": 0.3706231640881677,
  "影片": 0.3706609699971777,
  "根": 0.7162292698044158,
  "本": 0.67007983455618,
  "離": 0.893165575967178,
  "不": 0.3888762536907835,
  "開": 0.893165575967178,
  "馬": 0.42423935288665815,
  "虎虎": 0.45487052366389547,
  "版本": 0.4896585292661279,
  "推": 0.379750316688757,
  "外": 0.5736436552916713,
  "送": 0.5916522662889462,
  "完全": 0.13337170530372733,
  "吧": 0.3784174904339385,
  "超": 0.49941542397444233,
  "級": 0.7352249831265186,
  "敵": 0.7352249831265186,
  "讚": 0.7352249831265186,
  "我": 0.4447653345411331,
  "覺": 0.28678713588747834,
  "得": 0.28678713588747834,
  "很": 0.4617436872747621,
  "ok": 0.3642212551943735,
  "呢": 0.2690874174013733,
  "這款": 0.46784471720301746,
  "APP": 0.46784471720301746,
  "詐": 0.10078094016964857,
  "騙": 0.10078094016964857,
  "直": 0.03,
  "退": 0.12484065943357622,
  "錢": 0.12484065943357622,
  "啦": 0.4003126475916059,
  "普通": 0.5724979187478939,
  "樣": 0.3075357100690519,
  "覺得": 0.22530820277812597,
  "高手": 0.19477501687348137,
  "夠": 0.17,
  "糟糕": 0.17,
  "遊": 0.4892411036960568,
  "戲": 0.4892411036960568,
  "功": 0.11673599828194331,
  "能": 0.26609862444615584,
  "爛透": 0.17307003485812406,
  "厲害": 0.21506481237252706,
  "的": 0.7361000007510967,
  "哥": 0.206002052552813,
  "還行": 0.45825955524483497,
  "愛": 0.849280397587202,
  "上": 0.849280397587202,
  "什": 0.1386110373939319,
  "麼": 0.1386110373939319,
  "爛": 0.1386110373939319,
  "東": 0.1386110373939319,
  "西": 0.1386110373939319,
  "主播": 0.6068049432527088,
  "太": 0.530846875550392,
  "專": 0.27782728910540333,
  "業": 0.27782728910540333,
  "哇": 0.16,
  "塞": 0.16,
  "好棒": 0.23460727722935254,
  "棒": 0.24726870187436986,
  "哦": 0.23460727722935254,
  "介": 0.36346122337052733,
  "面": 0.36346122337052733,
  "行": 0.01,
  "啊": 0.20698433877479086,
  "醬子": 0.19123378609995306,
  "看": 0.4653215019763379,
  "情": 0.5170922436522856,
  "況": 0.5170922436522856,
  "個系": 0.6484092294477983,
  "統": 0.6484092294477983,
  "配": 0.6463978470268077,
  "品": 0.7409991403671519,
  "質": 0.8257455368368607,
  "穩": 0.8257455368368609,
  "平台": 0.48903093075003684,
  "真是": 0.2527143430788045,
  "踩雷": 0.1505761397841051,
  "超大雷": 0.09042697893078837,
  "一般": 0.6507918440208375,
  "般": 0.6507918440208375,
  "款手": 0.3957610456156181,
  "機": 0.3957610456156181,
  "更": 0.8222532447299186,
  "新": 0.8222532447299186,
  "直接": 0.8502849527406862,
  "吹": 0.8502849527406862,
  "爆": 0.8630067702807454,
  "見仁": 0.5079495513360941,
  "見": 0.5817495273827521,
  "還算": 0.5214098294735652,
  "配送": 0.3423897486300888,
  "店": 0.5047890578320224,
  "真的": 0.3531733363870326,
  "浪": 0.12739525667741813,
  "費": 0.12739525667741813,
  "時": 0.12739525667741813,
  "間": 0.12739525667741813,
  "將就": 0.6137684605947492,
  "還": 0.5334854896833463,
  "可以": 0.7276098091006403,
  "這家": 0.5053031021592947,
  "商品": 0.3787173273122694,
  "級雷": 0.16872172943461652,
  "虎": 0.31,
  "直播": 0.44662617125572146,
  "香": 0.8173492743946802,
  "誰理": 0.26820940948104116,
  "你": 0.28897917814342206,
  "錯": 0.2875070305397573,
  "可": 0.35360748376874507,
  "以": 0.35360748376874507,
  "考": 0.35360748376874507,
  "慮": 0.35360748376874507,
  "強": 0.8734243435183119,
  "最": 0.22996211815181858,
  "算": 0.5335989203886584,
  "差": 0.5335989203886584,
  "但": 0.5335989203886584,
  "真": 0.5188438906933115,
  "特": 0.27398300151034016,
  "別": 0.27398300151034016,
  "可不": 0.2259721951541782,
  "說得": 0.2577923500683603,
  "對": 0.2577923500683603,
  "仁": 0.68,
  "要": 0.40953524117968026,
  "怎": 0.40953524117968026,
  "麼想": 0.40953524117968026,
  "水": 0.28,
  "準": 0.28,
  "個功": 0.4784754893309603,
  "包": 0.12107859038728343,
  "垃圾": 0.10223944807394741,
  "待": 0.7,
  "觀察": 0.5407726430299086,
  "商": 0.4728754425976843,
  "喔": 0.24724199419570309,
  "凱子": 0.40886252786742927,
  "心": 0.872689003931006,
  "薦": 0.872689003931006,
  "級棒": 0.8193107396250907,
  "嗯": 0.2093855231984376,
  "哼": 0.2093855231984376,
  "反正": 0.1895303886470203,
  "隨": 0.2996183840008277,
  "便": 0.2996183840008277,
  "不行": 0.15566872417587369,
  "個平": 0.2964043137882514,
  "台": 0.2964043137882514,
  "簡直": 0.7852249831265186,
  "是神": 0.7852249831265186,
  "器": 0.7852249831265186,
  "影": 0.37,
  "片待": 0.37,
  "傑作": 0.20794856827641275,
  "誇": 0.04,
  "張": 0.04,
  "凱": 0.38,
  "子": 0.38,
  "whatever": 0.39,
  "個版": 0.21
}